{"calculated_fpts":1.0,"pass_td":0.9720165324,"pass_yd":0.9642168406,"pass_rtg":0.9593950504,"pass_air_yd":0.9576162886,"pass_fd":0.9565885091,"pass_cmp":0.9513739469,"pass_rz_att":0.9496489223,"off_snp":0.943466526,"pass_att":0.942626523,"pass_lng":0.9386380595,"cmp_pct":0.9383502384,"gs":0.9322084134,"pass_inc":0.9138187623,"gp":0.907396397,"pass_td_lng":0.9051633074,"pass_cmp_40p":0.8815032193,"bonus_pass_cmp_25":0.8502386951,"bonus_pass_yd_300":0.820128701,"pass_sack":0.8087472733,"pass_int":0.7936622389,"pass_sack_yds":0.7780371358,"rush_rz_att":0.755798273,"rush_att":0.7345173634,"pass_td_40p":0.7274736519,"rush_lng":0.7231531191,"fum":0.7059311294,"rush_fd":0.6957111951,"rush_yd":0.60692756,"pass_td_50p":0.6058990094,"rush_td":0.6035228552,"fum_lost":0.5862103525,"pass_2pt":0.583592606,"bonus_pass_yd_400":0.5323624644,"bonus_fd_qb":0.5173575392,"pass_rush_yd":0.5169585457,"penalty":0.504387374,"pass_int_td":0.4766948736,"penalty_yd":0.4622402712,"idp_tkl":0.4570188257,"rush_yac":0.4569725186,"idp_tkl_solo":0.4350074537,"tm_off_snp":0.4134057222,"rush_tkl_loss":0.405012124,"tm_def_snp":0.3980269899,"rush_rec_yd":0.3910849136,"tm_st_snp":0.3873156515,"rush_td_lng":0.3718476982,"rush_btkl":0.358864881,"rush_2pt":0.3308034306,"pass_ypa":0.3293252427,"pts_idp":0.2918541199,"pass_ypc":0.2770234996,"rec_tgt":0.2454694352,"rush_ypa":0.2438788474,"bonus_rush_yd_100":0.242269355,"bonus_rush_rec_yd_100":0.242269355,"rec_5_9":0.236091626,"gms_active":0.2175665548,"rec_yar":0.2122010036,"rush_40p":0.2107236707,"rec":0.2059119549,"rec_2pt":0.1991447165,"idp_tkl_ast":0.1680498766,"rec_rz_tgt":0.133899148,"rush_td_40p":0.0992496002,"rush_td_50p":0.0992496002,"bonus_rush_att_20":0.08142118,"rec_yd":0.0546581359,"rec_ypr":0.0436584674,"rec_ypt":0.0436584674,"rec_fd":0.0406567483,"rec_10_19":0.0334371784,"rec_lng":0.0096045756,"idp_ff":-0.0043693881,"rec_td_lng":-0.0300532223,"rec_td":-0.0300532223,"def_snp":-0.032566092,"rec_0_4":-0.0428295912,"year":-0.0448467691,"st_snp":-0.0534723813,"player_id":-0.06849417,"rec_air_yd":-0.0954685454,"rush_tkl_loss_yd":-0.3435112055}